id,name,public_phone
shelter-01,Yukon Shelter,604-264-1680
shelter-02,First United Church Shelter,604-839-6880
shelter-03,Aboriginal Shelter,604-428-1908
shelter-04,New Fountain Shelter,604-669-3306
shelter-05,SPUDS (Previously Commercial-Hastings Shelter),604-428-2206
shelter-06,Powell Place Shelter For Women,604-606-0403
shelter-07,The Sisterhood,604-681-7916
shelter-08,Women's Emergency Shelter (412 Shelter),604-423-4807
shelter-09,Belkin House - Women And Children's Shelter,604-694-6623
shelter-10,Covenant House Crisis Program - Youth,604-968-8523
shelter-11,Directions Youth Shelter,604-633-1472
shelter-12,Parkway Shelter,604-582-0408
shelter-13,Gateway Shelter,604-589-7777
shelter-14,Guildford Shelter,778-293-0889
shelter-15,Douglas Shelter (Progressive Housing Society),604-522-9669
shelter-16,Purpose Society Shelter,604-522-6837
shelter-17,Richmond House,604-276-2490
shelter-18,North Shore Housing Centre Shelter,604-982-9126
shelter-19,3030 Shelter,604-474-0435
shelter-22,Salvation Army Ridge Meadows Ministries,604-463-8296
shelter-23,Rock Bay Landing Emergency Shelter,250-383-1951
shelter-24,Catholic Charities Men's Shelter,604-443-3292
shelter-25,House of Hope - Salvation Army Chilliwack,604-392-8510
shelter-26,Stevenson House For Men,604-526-4783
shelter-27,Gateway Of Hope - Emergency Shelter,604-514-7375
shelter-28,Al Mitchell Place (Lookout Downtown),604-681-9126
shelter-29,Belkin House - Men's Shelter,604-694-6636
shelter-30,Hornby Street Shelter,604-620-9253
shelter-31,Hyland House,604-599-8900
shelter-32,Russell Housing Centre,604-529-9126
shelter-33,Sandy Merriman,250-480-1408
shelter-34,Covenant House - Sanctuary Shelter,672-963-3299
shelter-35,Bill Reid Place (Hyland House Cloverdale),604-574-4341
shelter-36,Centre Of Hope - Abbotsford Shelter,604-852-9305
shelter-37,Metson Shelter (aka Community Builders),604-428-3686
shelter-38,The Beacon,604-646-6846
shelter-39,Cyrus Centre Abbotsford,604-859-5773
shelter-40,KEYS Kiwanis Emergency Youth Shelter,250-386-8282
shelter-41,Cyrus Centre Chilliwack,604-795-5773
shelter-42,Arbutus Shelter,250-360-0093
shelter-43,Klahowya Tillicum Lalum (Lu'ma Shelter),236-484-0544
shelter-44,Salvation Army ARC Emergency Shelter,250-384-3396
shelter-45,The Crosswalk,604-646-6875
shelter-46,The Haven,604-646-6806
shelter-47,Brigadier Arthur Cartmell House,604-792-4486
shelter-48,Evelyne Saller Centre (seasonal),604-665-3075
shelter-49,Anchor Seasonal Shelter,604-646-6899
shelter-50,Covenant House - Mat Program (seasonal),604-685-7474
shelter-51,UGM Emergency Shelter For Men,604-253-3323
shelter-52,Walton Shelter (Temporary),604-688-9129
shelter-53,Sisters Shelter (Atira),604-602-9463
shelter-54,The Gathering Place,604-257-3846
shelter-55,Our Place Shelter,250-388-7112
shelter-56,Triage Shelter,604-254-3700
shelter-57,DEWC Women's Overflow Shelter,604-564-9331
shelter-58,DEWC Warming and Respite Space,604-423-4216
shelter-59,Cloverdale Temporary Shelter - Pacific Community Church,604-574-4341
shelter-60,The Osborn,604-681-2806
shelter-61,Sumas Shelter,604-334-4911
shelter-62,Pillars Program (Shelter),604-795-2322
shelter-63,Victoria Native Friendship Centre,250-384-3211
shelter-64,House of Hope Shelter,604-869-7574
shelter-65,Haven in the Hollow Temporary Winter Shelter,604-820-9008
shelter-66,The Nest (seasonal),604-768-7864
shelter-67,Foundations Emergency Shelter,604-795-2322