id,name,address,lat,lng,capacity,open_beds,is_full,women_only,youth,families,pets_ok,accessible,couples,is_dv,dv_phone,staff_phone,last_updated_at
shelter-01,Yukon Shelter,"2088 Yukon Street, Vancouver, BC",49.266856,-123.112498,,0,true,false,false,false,true,true,false,false,,,
shelter-02,First United Church Shelter,"467 Alexander Street, Vancouver, BC",49.284152,-123.094233,,0,true,false,false,false,true,true,false,false,,,
shelter-03,Aboriginal Shelter,"201 Central Street, Vancouver, BC",49.271731,-123.101151,,40,false,false,false,false,true,true,false,false,,,
shelter-04,New Fountain Shelter,"356 East Hastings Street, Vancouver, BC",49.281055,-123.096144,,14,false,false,false,false,true,true,false,false,,,
shelter-05,SPUDS (Previously Commercial-Hastings Shelter),"1660 East Hastings Street, Vancouver, BC",49.280995,-123.071507,,2,false,false,false,false,true,true,false,false,,,
shelter-06,Powell Place Shelter For Women,"329 Powell Street, Vancouver, BC",49.283402,-123.097155,,0,true,true,false,false,false,false,false,false,,,
shelter-07,The Sisterhood,"342 Alexander Street, Vancouver, BC",49.283879,-123.088223,,1,false,true,false,false,true,true,false,false,,,
shelter-08,Women's Emergency Shelter (412 Shelter),"412 East Cordova Street, Vancouver, BC",49.281982,-123.094664,,0,true,true,false,false,false,true,false,false,,,
shelter-09,Belkin House - Women And Children's Shelter,"555 Homer Street, Vancouver, BC",49.282462,-123.112946,,0,true,true,false,true,false,false,false,false,,,
shelter-10,Covenant House Crisis Program - Youth,"1280 Seymour Street, Vancouver, BC",49.275419,-123.126307,,0,true,false,true,false,false,true,false,false,,,
shelter-11,Directions Youth Shelter,"1138 Burrard Street, Vancouver, BC",49.279614,-123.128033,,12,false,false,true,false,true,true,false,false,,,
shelter-12,Parkway Shelter,"10666 City Parkway, Surrey, BC",49.199605,-122.848816,,0,true,false,false,false,true,true,false,false,,,
shelter-13,Gateway Shelter,"10667 135A Street, Surrey, BC",49.196379,-122.847058,,0,true,false,false,false,true,true,false,false,,,
shelter-14,Guildford Shelter,"14716 104 Avenue, Surrey, BC",49.191246,-122.814275,,0,true,false,false,false,true,true,false,false,,,
shelter-15,Douglas Shelter (Progressive Housing Society),"2294 Douglas Road, Burnaby, BC",49.263670,-122.988626,,1,false,false,false,false,true,false,false,false,,,
shelter-16,Purpose Society Shelter,"502 Columbia Street, New Westminster, BC",49.203626,-122.906511,,0,true,false,false,false,true,false,false,false,,,
shelter-17,Richmond House,"12040 Horseshoe Way, Richmond, BC",49.126035,-123.094997,,1,false,false,false,false,false,true,false,false,,,
shelter-18,North Shore Housing Centre Shelter,"705 2nd Street West, North Vancouver, BC",49.313999,-123.080868,,0,true,false,false,false,true,true,false,false,,,
shelter-19,3030 Shelter,"3030 Gordon Avenue, Coquitlam, BC",49.270258,-122.791846,,0,true,false,false,false,true,true,false,false,,,
shelter-20,Demo Women's Shelter - Surrey (fictional),Surrey Central (demo location),49.1890,-122.8480,,1,false,true,false,false,false,true,false,false,,604-555-0142,
shelter-21,Demo DV Safe House (fictional),,,,,1,false,true,false,true,false,false,false,true,604-555-0199,,
shelter-22,Salvation Army Ridge Meadows Ministries,"22188 Lougheed Highway, Maple Ridge, BC",49.216523,-122.607607,,0,false,false,false,false,true,true,true,false,,,
shelter-23,Rock Bay Landing Emergency Shelter,"535 Ellice Street, Victoria, BC",48.438799,-123.371579,,0,false,false,false,false,true,true,false,false,,,
shelter-24,Catholic Charities Men's Shelter,"1056 Comox Street, Vancouver, BC",49.281168,-123.128551,,0,false,false,false,false,false,false,false,false,,,
shelter-25,House of Hope - Salvation Army Chilliwack,"45746 Yale Road, Chilliwack, BC",49.152384,-121.963674,,0,false,false,false,false,true,true,true,false,,,
shelter-26,Stevenson House For Men,"32 Elliot Street, New Westminster, BC",49.206962,-122.902554,,0,false,false,false,false,false,false,false,false,,,
shelter-27,Gateway Of Hope - Emergency Shelter,"5787 Langley Bypass, Langley, BC",49.111381,-122.676654,,0,false,false,false,false,true,true,false,false,,,
shelter-28,Al Mitchell Place (Lookout Downtown),"346 Alexander Street, Vancouver, BC",49.283777,-123.096267,,0,false,false,false,false,true,false,false,false,,,
shelter-29,Belkin House - Men's Shelter,"555 Homer Street, Vancouver, BC",49.282462,-123.112946,,0,false,false,false,false,false,false,false,false,,,
shelter-30,Hornby Street Shelter,"1401 Hornby Street, Vancouver, BC",49.276269,-123.131990,,0,false,false,false,false,true,false,false,false,,,
shelter-31,Hyland House,"6595 King George Boulevard, Surrey, BC",49.122683,-122.846064,,0,false,false,false,false,false,true,false,false,,,
shelter-32,Russell Housing Centre,"740 Carnarvon Street, New Westminster, BC",49.202502,-122.911581,,0,false,false,false,false,false,false,false,false,,,
shelter-33,Sandy Merriman,"809 Burdett Avenue, Victoria, BC",48.421749,-123.362831,,0,false,true,false,false,false,false,false,false,,,
shelter-34,Covenant House - Sanctuary Shelter,"1302 Seymour Street, Vancouver, BC",49.275172,-123.126678,,0,false,false,true,false,false,false,false,false,,,
shelter-35,Bill Reid Place (Hyland House Cloverdale),"17752 Colebrook Road, Surrey, BC",49.098628,-122.728013,,0,false,false,false,false,true,false,true,false,,,
shelter-36,Centre Of Hope - Abbotsford Shelter,"34081 Gladys Avenue, Abbotsford, BC",49.043711,-122.278490,,0,false,false,false,false,true,true,false,false,,,
shelter-37,Metson Shelter (aka Community Builders),"1060 Howe Street, Vancouver, BC",49.279193,-123.124692,,0,false,false,false,false,true,false,false,false,,,
shelter-38,The Beacon,"108 East Hastings Street, Vancouver, BC",49.281222,-123.101838,,0,false,false,false,false,false,false,false,false,,,
shelter-39,Cyrus Centre Abbotsford,"2616 Ware Street, Abbotsford, BC",49.049315,-122.304175,,0,false,false,true,false,false,false,false,false,,,
shelter-40,KEYS Kiwanis Emergency Youth Shelter,"2117 Vancouver Street, Victoria, BC",48.432557,-123.355217,,0,false,false,true,false,false,false,false,false,,,
shelter-41,Cyrus Centre Chilliwack,"45845 Wellington Avenue, Chilliwack, BC",49.172373,-121.955662,,0,false,false,true,false,false,true,false,false,,,
shelter-42,Arbutus Shelter,"2915 Douglas Street, Victoria, BC",48.441929,-123.368415,,0,false,false,false,false,true,true,false,false,,,
shelter-43,Klahowya Tillicum Lalum (Lu'ma Shelter),"875 Terminal Avenue, Vancouver, BC",49.270542,-123.084115,,0,false,false,false,false,true,true,false,false,,,
shelter-44,Salvation Army ARC Emergency Shelter,"525 Johnson Street, Victoria, BC",48.427635,-123.369686,,0,false,false,false,false,false,false,false,false,,,
shelter-45,The Crosswalk,"108 East Hastings Street, Vancouver, BC",49.281222,-123.101838,,0,false,false,false,false,false,false,false,false,,,
shelter-46,The Haven,"108 East Hastings Street, Vancouver, BC",49.281222,-123.101838,,0,false,false,false,false,false,false,false,false,,,
shelter-47,Brigadier Arthur Cartmell House,"45746 Yale Road, Chilliwack, BC",49.152384,-121.963674,,0,false,true,false,false,true,false,false,false,,,
shelter-48,Evelyne Saller Centre (seasonal),"404 Alexander Street, Vancouver, BC",49.283845,-123.094818,,0,false,false,false,false,false,true,false,false,,,
shelter-49,Anchor Seasonal Shelter,"119 East Cordova Street, Vancouver, BC",49.282594,-123.101007,,0,false,false,false,false,false,false,false,false,,,
shelter-50,Covenant House - Mat Program (seasonal),"1302 Seymour Street, Vancouver, BC",49.275172,-123.126678,,0,false,false,true,false,false,true,false,false,,,
shelter-51,UGM Emergency Shelter For Men,"601 East Hastings Street, Vancouver, BC",49.281478,-123.091093,,0,false,false,false,false,false,true,false,false,,,
shelter-52,Walton Shelter (Temporary),"261 East Hastings Street, Vancouver, BC",49.281563,-123.098007,,0,false,false,false,false,true,true,false,false,,,
shelter-53,Sisters Shelter (Atira),"131 Dunlevy Avenue, Vancouver, BC",49.282645,-123.095341,,0,false,true,false,false,true,false,false,false,,,
shelter-54,The Gathering Place,"609 Helmcken Street, Vancouver, BC",49.277763,-123.123614,,0,false,false,false,false,true,true,false,false,,,
shelter-55,Our Place Shelter,"919 Pandora Avenue, Victoria, BC",48.427017,-123.357653,,0,false,false,false,false,false,true,false,false,,,
shelter-56,Triage Shelter,"707 Powell Street, Vancouver, BC",49.283232,-123.089132,,0,false,false,false,false,true,true,false,false,,,
shelter-57,DEWC Women's Overflow Shelter,"265 East Hastings Street, Vancouver, BC",49.281507,-123.097927,,0,false,true,false,false,true,true,false,false,,,
shelter-58,DEWC Warming and Respite Space,"398 Powell Street, Vancouver, BC",49.282816,-123.095603,,0,false,true,false,false,true,true,false,false,,,
shelter-59,Cloverdale Temporary Shelter - Pacific Community Church,"5337 180 Street, Surrey, BC",49.099964,-122.724542,,0,false,false,false,false,true,false,false,false,,,
shelter-60,The Osborn,"27 West Hastings Street, Vancouver, BC",49.281828,-123.105511,,0,false,false,false,false,true,false,true,false,,,
shelter-61,Sumas Shelter,"1821 Sumas Way, Abbotsford, BC",49.035081,-122.269211,,0,false,false,false,false,true,true,false,false,,,
shelter-62,Pillars Program (Shelter),"46130 Margaret Avenue, Chilliwack, BC",49.171556,-121.944343,,0,false,false,false,false,false,true,false,false,,,
shelter-63,Victoria Native Friendship Centre,"231 Regina Avenue, Victoria, BC",,,,0,false,false,false,false,false,false,false,false,,,
shelter-64,House of Hope Shelter,"650 Old Hope-Princeton Highway, Hope, BC",,,,0,false,false,false,false,false,false,false,false,,,
shelter-65,Haven in the Hollow Temporary Winter Shelter,"32646 Logan Avenue, Mission, BC",49.133352,-122.320825,,0,false,false,false,false,true,true,false,false,,,
shelter-66,The Nest (seasonal),"34561 Delair Road, Abbotsford, BC",49.036841,-122.267334,,0,false,true,false,false,true,true,false,false,,,
shelter-67,Foundations Emergency Shelter,"46130 Margaret Avenue, Chilliwack, BC",49.171556,-121.944343,,0,false,false,false,false,false,true,false,false,,,
